LOCATION_NUMBER,ADDRESS_LINE_ONE,ADDRESS_LINE_TWO,ADDRESS_LINE_THREE,CITY,STATE,ZIP_CODE,COUNTRY
10,2055 WEST STREET,SUITE 10,,GERMANTOWN,TN,38138,USA
12,2125 STONERIDGE MALL,SPACE B210,,PLEASANTON,CA,94588,USA
14,91-5431 KAPOLEI PARKWAY,SUITE #101,,KAPOLEI,HI,96707,USA
16,2502 EAST CAMELBACK RD,SPACE 148,,PHOENIX,AZ,85016,USA
18,VALLEY FAIR - WESTSIDE SHP CTR,2855 STEVENS CREEK BLVD,SUITE 1067,SANTA CLARA,CA,950506709,USA
20,3333 BRISTOL ST,SUITE #2800,,COSTA MESA,CA,92626,USA
22,14006 RIVERSIDE DRIVE,SUITE 75,,SHERMAN OAKS,CA,91423,USA
24,338 W HILLCREST DR,,,THOUSAND OAKS,CA,913604295,USA
26,1244 THIRD STREET PROMENADE,,,SANTA MONICA,CA,90401,USA
28,HILLSDALE SHOPPING CENTER,60 - 31ST AVE,SPACE #1016,SAN MATEO,CA,94403,USA
30,1570 S. DISNEYLAND DRIVE,SUITE 101,,ANAHEIM,CA,92802,USA
32,6801 HOLLYWOOD BLVD,SPACE B2-245,,HOLLYWOOD,CA,90028,USA
34,13 W. COLORADO BOULEVARD,,,PASADENA,CA,91103,USA
36,7007 FRIARS RD,SUITE 314,,SAN DIEGO,CA,92108,USA
38,4545 LA JOLLA VILLAGE DR,SUITE C-16,,SAN DIEGO,CA,92122,USA
40,13915 S VIRGINIA ST,SUITE 110,,RENO,NV,89511,USA
42,3377 LAS VEGAS BLVD SOUTH,SUITE 1001,,LAS VEGAS,NV,89109,USA
44,796 TOWN & COUNTRY BLVD,SUITE 109,,HOUSTON,TX,77024,USA
46,MIRACLE MILE,3663 LAS VEGAS BLVD SOUTH,SUITE 140,LAS VEGAS,NV,89109,USA
48,355 STANFORD SHOPPING CENTER,,,PALO ALTO,CA,94304,USA
50,1689 ARDEN WAY,SPACE #1084,,SACRAMENTO,CA,95815,USA
52,1205 BURLINGAME,,,BURLINGAME,CA,94010,USA
54,MISSION VIEJO,27000 CROWN VALLEY PKWY,UNIT 498,MISSION VIEJO,CA,92691,USA
56,BEVERLY CENTER,8500 BEVERLY BLVD.,STORE #724,LOS ANGELES,CA,90048,USA
58,33 POWELL STREET,,,SAN FRANCISCO,CA,94102,USA
60,CRABTREE MALL,4325 GLENWOOD AVENUE,SUITE 2088,RALEIGH,NC,27612,USA
62,MANHATTAN VILLAGE,3200 SEPULVEDA BLVD.,,MANHATTAN BEACH,CA,90266,USA
64,13350 N. DALLAS PARKWAY,SUITE 1250,,DALLAS,TX,75240,USA
66,5015 WESTHEIMER,SUITE 2380,,HOUSTON,TX,77056,USA
68,NORTH PARK CENTER,8687 N. CENTRAL EXPY,SUITE #2232,DALLAS,TX,75225,USA
70,7400 SAN PEDRO AVE,SUITE 104,,SAN ANTONIO,TX,78216,USA
72,9722 GREAT HILLS TRAIL,SUITE 115,,AUSTIN,TX,78759,USA
74,303 MEMORIAL CITY WAY,SUITE 700,,HOUSTON,TX,77024,USA
76,7925 FM 1960 RD,"SPACE #1502, 1504, 1512, 1516",,HOUSTON,TX,77070,USA
78,CENTURY CITY,10250 SANTA MONICA BLVD,UNIT 1710,LOS ANGELES,CA,90067,USA
80,1101 MELBOURNE ROAD,,,HURST,TX,76053,USA
82,12506 N MAINSTREET,BLDG 3500,SUITE 3510,RANCHO CUCAMONGA,CA,91739,USA
84,THE WOODLANDS MALL STE 1066,1201 LAKE WOODLANDS DRIVE,,THE WOODLANDS,TX,77380,USA
86,STONEBRIAR CENTRE,SPACE 1230 AND 1234,2601 PRESTON ROAD,FRISCO,TX,75034,USA
88,FRESNO FASHION FAIR,639 EAST SHAW AVE.,"SUITE 123, SPACE S-9",FRESNO,CA,93710,USA
90,223 WEST ORTEGA STREET,,,SANTA BARBARA,CA,93101,USA
92,LA PLAZA MALL,2200 S. 10TH STREET,SPACE C04,MCALLEN,TX,78503,USA
94,7700 W. ARROWHEAD TOWNE CTR,SUITE 1199,,GLENDALE,AZ,85308,USA
96,1065 BREA MALL,SUITE 1023 & 1024,,BREA,CA,92821,USA
98,THE SHOPS AT LA CANTERA,"SUITE 1720, BLDG 7",15900 LA CANTERA PARKWAY,SAN ANTONIO,TX,78256,USA
100,1450 ALA MOANA BLVD,#2058,,HONOLULU,HI,96814,USA
102,THE MALL AT GREEN HILLS,2126 ABBOT MARTIN ROAD,SPACE #180,NASHVILLE,TN,37215,USA
104,2701 MING AVE,SPACE 187,,BAKERSFIELD,CA,93304,USA
106,NEWPORT CENTRE,30 MALL DRIVE WEST,SPACE #A58B,JERSEY CITY,NJ,7310,USA
108,ST LOUIS GALLERIA,2407 ST LOUIS GALLERIA,SPACE #2407,ST LOUIS,MO,63117,USA
110,161 LOS CERRITOS CENTER,,,CERRITOS,CA,90703,USA
112,60TH & LEXINGTON AVE,,,NEW YORK,NY,10022,USA
114,6671 LAS VEGAS BLVD,UNIT #DA-131,,LAS VEGAS,NV,89119,USA
116,5626 BAY STREET,,,EMERYVILLE,CA,94608,USA
118,150 BROADWAY,,,NEW YORK,NY,10038,USA
120,150 E86TH STREET,,,NEW YORK,NY,10028,USA
122,98-105 MOANALUA RD,SUITE 224,,AIEA,HI,96701,USA
124,225 SUMMIT BOULEVARD,SUITE 1100,,BIRMINGHAM,AL,35243,USA
126,160 CROCKER PARK BLVD,,,WESTLAKE,OH,44145,USA
128,26 SOUTHPARK CENTER,,,STRONGSVILLE,OH,44136,USA
130,1168 BAYBROOK MALL,,,FRIENDSWOOD,TX,77546,USA
132,PINNACLE HILLS PROMENADE,2203 S. 45TH STREET,SUITE #1140,ROGERS,AR,72758,USA
134,OAK PARK MALL,11731 WEST 95TH STREET,SPACE 139,OVERLAND PARK,KS,66214,USA
136,2002 ANNAPOLIS MALL,SPACE #1800,,ANNAPOLIS,MD,21401,USA
138,SEPHORA @ THE HOLYOKE MALL,"CO., LP",50 HOLYOKE STREET SPACE #C327,HOLYOKE,MA,1040,USA
140,2000 RIVERCHASE GALLERIA,SUITE 259,,HOOVER,AL,35244,USA
142,350 NORTH MILWAUKEE,SUITE 1031,,BOISE,ID,83704,USA
144,925 BLOSSOM HILL ROAD,SUITE #1198,,SAN JOSE,CA,95123,USA
146,LANCASTER,319 PARK CITY CENTER,,LANCASTER,PA,17601,USA
148,SANTA ANITA,400 S. BALDWIN AVE,SUITE #448-L,ARCADIA,CA,91007,USA
150,BARTON CREEK SQUARE,2901 CAPITOL OF TEXAS HWY SO.,SUITE M02A,AUSTIN,TX,78746,USA
152,TOWSON,825 DULANEY VALLEY ROAD,SPACE #2190,TOWSON,MD,21204,USA
154,MADISON,71 WEST TOWNE MALL,,MADISON,WI,53719,USA
156,SOUTHCENTER,616 SOUTHCENTER MALL,,SEATTLE,WA,98188,USA
158,WEST TOWN MALL,SPACE 1094A,7600 KINGSTON PIKE,KNOXVILLE,TN,37919,USA
160,7021 S MEMORIAL DRIVE,SUITE #215,,TULSA,OK,74133,USA
162,FLATIRON CROSSING,ONE WEST FLATIRON CROSSING DR,SUITE 1008,BROOMFIELD,CO,80021,USA
164,SPACE #800,2016 ROSEDALE CENTER,,ROSEVILLE,MN,55113,USA
166,510 SMITH HAVEN MALL,,,LAKE GROVE,NY,11755,USA
168,2206 E WILLIAMS FIELD RD,SUITE 114,,GILBERT,AZ,85295,USA
170,1015 W UNIVERSITY AVE,SUITE 400,,GEORGETOWN,TX,78628,USA
172,PARK MEADOWS CENTER,8505 PARK MEADOWS CENTER DRIVE,SPACE #2069,LITTLETON,CO,80124,USA
176,CAMBRIDGESIDE,100 CAMBRIDGESIDE PLACE,SPACE E114,CAMBRIDGE,MA,2141,USA
178,RIVERSIDE,2077 GALLERIA AT TYLER,,RIVERSIDE,CA,92503,USA
180,CHARLOTTESVILLE,1600 RIO RD E,,CHARLOTTESVILLE,VA,22901,USA
182,MONTCLAIR,2061 MONTCLAIR PLAZA LANE,,MONTCLAIR,CA,91763,USA
184,17410 HALL ROAD,SUITE 167,,CLINTON TOWNSHIP,MI,48038,USA
186,6600 TOPANGA CANYON BLVD,,,CANOGA PARK,CA,91303,USA
188,2018 INDEPENDENCE CENTRE DRIVE,,,INDEPENDENCE,MO,64057,USA
190,1701 SUNRISE HIGHWAY,SPACE #M20,,BAYSHORE,NY,11706,USA
192,WASHINGTON SQUARE,9329 SW WASHINGTON SQUARE ROAD,SPACE T07,PORTLAND,OR,97223,USA
194,ALDERWOOD MALL,SPACE 302/304,3000 184TH STREET,LYNNWOOD,WA,98037,USA
196,UNION STREET,2083 UNION STREET,,SAN FRANCISCO,CA,94123,USA
198,148 BELLEVUE SQUARE,,,BELLEVUE,WA,98004,USA
200,2676 NE UNIVERSITY VILLAGE ST,,,SEATTLE,WA,98105,USA
202,WALNUT CREEK,1149 BROADWAY PLAZA,SPACE C-70,WALNUT CREEK,CA,94596,USA
204,415 PINE ST,,,SEATTLE,WA,98101,USA
206,208 VINTAGE OAKS K-3,,,NOVATO,CA,94945,USA
208,OXMOOR CENTER,STORE #D6,7900 SHELBYVILLE ROAD,LOUISVILLE,KY,40222,USA
210,101 JORDAN CREEK PARKWAY,SUITE #11240,,WEST DES MOINES,IA,50266,USA
212,#212,6501 NORTH GRAPE ROAD,STORE #472A,MISHAWAKA,IN,46545,USA
214,55 PARSONAGE ROAD,SUITE 1215A,,EDISON,NJ,8837,USA
216,NORTHLAKE MALL,6601 NORTHLAKE MALL DR,SPACE 240,CHARLOTTE,NC,28216,USA
218,ORLAND SQUARE,730 SQUARE DRIVE,SPACE #G08B-1,ORLAND PARK,IL,60462,USA
220,20530 NORTH RAND ROAD,SUITE #244,,DEER PARK,IL,60010,USA
222,17101 DAVENPORT STREET,SUITE #103,,OMAHA,NE,68118,USA
224,WATTERS CREEK AT MONTGOMERY,FARM,919 GARDEN PARK DRIVE,ALLEN,TX,75013,USA
226,1755 29TH STREET,#1086,,BOULDER,CO,80301,USA
228,720 MARKET STREET,,,LYNNFIELD,MA,1940,USA
230,WESTFIELD FRANKLIN PARK,SUITE 1610,5001 MONROE STREET,TOLEDO,OH,43623,USA
232,2015 BIRCH ROAD,SUITE 605,,CHULA VISTA,CA,91915,USA
234,CHESTERFIELD MALL,2008 CHESTERFIELD MALL,,CHESTERFIELD,MO,63017,USA
236,2825 SOUTH GLENSTONE AVENUE,SPACE #G07B,,SPRINGFIELD,MO,65804,USA
238,310 DANIEL WEBSTER HWY,SPACE #W245,,NASHUA,NH,3060,USA
240,12669 WAYZATA BLVD,,,MINNETONKA,MN,55305,USA
242,MALL OF AMERICA,SPACE NUMBER W200,,BLOOMINGTON,MN,55425,USA
244,NORTHBRIDGE,520 N MICHIGAN AVE,SUITE 129,CHICAGO,IL,60611,USA
246,POLARIS FASHION PLACE,1500 POLARIS PARKWAY,,COLUMBUS,OH,43240,USA
248,34 OLD ORCHARD SHOPPING CENTER,,,SKOKIE,IL,60077,USA
250,#5 WOODFIELD SHOPPING CENTER,STORE E 329,,SCHAUMBURG,IL,60173,USA
252,1314 NORTHBROOK CT,,,NORTHBROOK,IL,60062,USA
254,104 OAKBROOK CENTER,,,OAK BROOK,IL,60523,USA
256,MAYFAIR,2500 NORTH MAYFAIR ROAD,SPACE NUMBER :120 AND 121,WAUWATOSA,WI,53226,USA
258,KENWOOD,7875 MONTGOMERY ROAD,SPACE NUMBER :2133,CINCINNATI,OH,45236,USA
260,1530 E. BUENA VISTA DRIVE,SPACE #B17-101,,LAKE BUENA VISTA,FL,32830,USA
262,1325 BOYLSTON STREET,SPACE #125,,BOSTON,MA,2215,USA
264,27484 NOVI RD,E#117,,NOVI,MI,48377,USA
266,2800 W BIG BEAVER RD,#S 218,,TROY,MI,48084,USA
268,8702 KEYSTONE CROSSING,SUITE 35B,,INDIANAPOLIS,IN,46240,USA
270,131 COLONIE CENTER,SPACE 130,,ALBANY,NY,12205,USA
272,4421 GLENGARRY DRIVE,,,DAYTON,OH,45440,USA
274,ROSS PARK MALL,1000 ROSS PARK DRIVE,SPACE #C07A,PITTSBURGH,PA,15237,USA
276,210 ANDOVER ST,SPACE #X107,,PEABODY,MA,1960,USA
278,75 WEST ROUTE 59,,,CLARKSTOWN,NY,10954,USA
280,26300 CEDAR RD #1110,,,BEACHWOOD,OH,44122,USA
282,WEST COUNTY MALL,37 WEST COUNTY CENTER,SPACE A2,DES PERES,MO,63131,USA
284,FAYETTE MALL,3401 NICHOLASVILLE ROAD,SUITE #C326,LEXINGTON,KY,40503,USA
286,6401 BLUEBONNET BLVD,SUITE 620,,BATON ROUGE,LA,70836,USA
288,CHANDLER FASHION CENTER,3111 W CHANDLER BLVD,SPACE #1144,CHANDLER,AZ,85226,USA
290,90-15 QUEENS BLVD,SPACE #2037,,ELMHURST,NY,11373,USA
292,876 BRIARWOOD CIRCLE,SPACE #E136,,ANN ARBOR,MI,48108,USA
294,CHESTNUT STREET,1714 CHESTNUT STREET,,PHILADELPHIA,PA,19103,USA
296,2500 MORELAND ROAD,SUITE 1103,,WILLOW GROVE,PA,19090,USA
298,75 GREENWICH AVENUE,,,GREENWICH,CT,6830,USA
300,AVENUE AT EAST COBB,4475 ROSWELL RD,SUITE #310,MARIETTA,GA,30062,USA
302,557 BROADWAY,,,NEW YORK,NY,10012,USA
304,1500 BROADWAY,#304,,NEW YORK,NY,10036,USA
306,701 SOUTH MIAMI AVENUE,SUITE 231B,,MIAMI,FL,33131,USA
308,119 FIFTH AVENUE,,,NEW YORK,NY,10003,USA
310,112 WEST 34TH STREET,,,NEW YORK,NY,10001,USA
312,2103 BROADWAY,ANSONIA BLDG,,NEW YORK,NY,10024,USA
314,ROOSEVELT FIELD SHOPPING CTR,630 OLD COUNTRY RD,MEADOWBROOK #1155,GARDEN CITY,NY,11530,USA
316,160 WALT WHITMAN AVE,SUITE 1047A,,HUNGTINGTON STATION,NY,11746,USA
318,STORE #C103,1200 MORRIS TURNPIKE,,SHORT HILLS,NJ,70782700,USA
320,ROUTES 4 & 17,SPACE #E2,,PARAMUS,NJ,7652,USA
322,1760 WILLOWBROOK MALL,,,WAYNE,NJ,74706905,USA
324,451 EAST ALTAMONTE DR,SUITE 2223,,ALTAMONTE SPRINGS,FL,32701,USA
326,THE WESTCHESTER,125 WESTCHESTER AVENUE,SUITE 1001,WHITE PLAINS,NY,10601,USA
328,STATEN ISLAND MALL,2655 RICHMOND AVENUE,SPACE #1548,STATEN ISLAND,NY,10314,USA
330,307 WEST FARMS MALL,STORE D114,,FARMINGTON,CT,6032,USA
332,1950 NORTHERN BLVD,,,MANHASSET,NY,11030,USA
334,75 MIDDLESEX TURNPIKE,STORE #1061,,BURLINGTON,MA,1803,USA
336,605 NORTH MICHIGAN AVENUE,,,CHICAGO,IL,60611,USA
338,ROCKINGHAM PARK,99 ROCKINGHAM PARK BLVD,SPACE E211C,SALEM,NH,3079,USA
340,FAIR OAKS MALL,11820-L FAIR OAKS,,FAIRFAX,VA,22033,USA
342,1420 PARHAM RD,SUITE S-129,,RICHMOND,VA,23229,USA
344,300 MONTICELLO AVE,STORE #209,,NORFOLK,VA,23510,USA
346,3065 M STREET,,GEORGETOWN,WASHINGTON,DC,20007,USA
348,PENTAGON CITY #348,1100 SOUTH HAYES STREET,SUITE #F06A,ARLINGTON,VA,22202,USA
350,199 BOYLSTON ST,SPACE #5203-5205,,CHESTNUT HILL,MA,2467,USA
352,7966 TYSONS CORNER CENTER,SPACE #D7U,,TYSONS CORNER,VA,22102,USA
354,SPACE C128,3710 US ROUTE 9,,FREEHOLD,NJ,77284801,USA
356,800 BOYLSTON STREET,SPACE B123,,BOSTON,MA,2199,USA
358,7101 DEMOCRACY BLVD,SPACE 2518,,BETHESDA,MD,20817,USA
360,11700 ROCK ROSE AVE,SUITE 130,,AUSTIN,TX,78758,USA
362,4400 SHARON RD,,,CHARLOTTE,NC,28211,USA
364,7014 EAST CAMELBACK ROAD,SPACE #1049,,SCOTTSDALE,AZ,85251,USA
366,400 COMMONS WAY,SUITE #141,,BRIDGEWATER,NJ,8807,USA
368,10 COLUMBUS CIRCLE,SPACE #201,,NEW YORK,NY,10019,USA
370,71-30 AUSTIN STREET,SEPHORA FOREST HILLS,,FOREST HILLS,NY,11375,USA
372,7 BACKUS AVENUE SPACE #D-205,,,DANBURY,CT,6810,USA
374,580 5TH AVE,,,NEW YORK,NY,10036,USA
376,PLAZA AT KING OF PRUSSIA,SPACE # 2108,160 NORTH GULPH ROAD,KING OF PRUSSIA,PA,19406,USA
378,PROVIDENCE PLACE,1 PROVIDENCE PL SPACE 168,,PROVIDENCE,RI,2903,USA
380,5526 WALNUT STREET,SHADYSIDE,,PITTSBURGH,PA,15232,USA
382,TWO EMBARCADERO CENTER,UNIT R-2109,,SAN FRANCISCO,CA,94111,USA
384,6910 FAYETTEVILLE ROAD,SUITE 181,,DURHAM,NC,27713,USA
386,WATERTOWER PLACE,845 N MICHIGAN AVE,,CHICAGO,IL,60611,USA
388,NATICK MALL,1245 WORCESTER ST,,NATICK,MA,1760,USA
390,CHERRY HILL MALL,SPACE 1100 AND 1105,2000 ROUTE 38,CHERRY HILL,NJ,8002,USA
392,PALISADES CENTER,1000 PALISADES CENTER DRIVE,SPACE NUMBER :F106A,WEST NYACK,NY,10994,USA
394,42ND AND MADISON,300 MADISON AVENUE,"42ND STREET STORE, SPACE 01-01",NEW YORK,NY,10017,USA
396,#396,WALDEN GALLERIA DRIVE,SPACE #G104,BUFFALO,NY,14225,USA
398,UNION SQUARE,45 E 17TH STREET,,NEW YORK,NY,10003,USA
400,721 COLLINS AVE,,,MIAMI BEACH,FL,331396215,USA
402,2982 GRAND AVE,,,COCONUT GROVE,FL,33133,USA
404,4056 WESTHEIMER ROAD,SPACE #4056,,HOUSTON,TX,77027,USA
406,3101 PGA BLVD,SPACE# P215,,PALM BEACH GARDENS,FL,33410,USA
408,6000 W GLADES,SUITE 1024B,,BOCA RATON,FL,33431,USA
410,19575 BISCAYNE BLVD,#669,,AVENTURA,FL,33180,USA
412,8001 S ORANGE BLOSSOM TRAIL,#1128B,,ORLANDO,FL,32809,USA
414,DADELAND RELO,7407 N KENDALL DRIVE,SUITE 2105,MIAMI,FL,33156,USA
416,ST JOHNS TOWER CENTER,10281 MIDTOWNE PKWY,SPACE #D7,JACKSONVILLE,FL,32246,USA
418,1750 DEPTFORD CENTER ROAD,SPACE #1184,,DEPTFORD,NJ,8096,USA
420,835 LEHIGH LIFESTYLE CENTER,SPACE #1240,,WHITEHALL,PA,18052,USA
422,MALL OF GEORGIA,3333 BUFORD DRIVE,SPACE #1046B,BUFORD,GA,30519,USA
424,550 S. ROSEMARY AVE,SUITE 144,,WEST PALM BEACH,FL,33401,USA
426,301 SOUTH HILLS VILLAGE,SPACE 1405A,,PITTSBURGH,PA,15241,USA
428,912 BRANDON TOWN CENTER MALL,,,BRANDON,FL,33511,USA
430,1140 CUMBERLAND MALL,,,ATLANTA,GA,30339,USA
432,CARRIAGE CROSSING,SUITE 109,4630 MERCHANTS PARK CIRCLE,COLLIERVILLE,TN,38017,USA
434,COCONUT POINT,23161 FASHION DRIVE,SUITE 113,ESTERO,FL,33928,USA
436,142 HILLSIDE RD.,,,CRANSTON,RI,2920,USA
438,1090 COURT ST,SUITE 205,,SAN LUIS OBISPO,CA,93401,USA
440,VILLAGE ARCADE,2401 TIMES BLVD,SUITE 150,HOUSTON,TX,77005,USA
442,7979 PITTSFORD-VICTOR ROAD,SPACE #156,,VICTOR,NY,14564,USA
444,2916 TOWNE CENTRE BLVD,,,LANSING,MI,48912,USA
446,PENN SQUARE MALL,1901 NW EXPRESSWAY,SPACE #2032A,OKLAHOMA CITY,OK,73118,USA
448,THE SHOPS AT PEMBROKE GARDENS,516 SW 145TH TERRACE,,PEMBROKE PINES,FL,33027,USA
450,NORTH POINT,1000 NORTH POINT CIRCLE,SPACE NUMBER :1034,ALPHARETTA,GA,30022,USA
452,2760 N. GERMANTOWN PARKWAY,UNIT 2460,,MEMPHIS,TN,38133,USA
454,INTERNATIONAL PLAZA,2223 WEST SHORE BLVD,SPACE 145,TAMPA,FL,33607,USA
456,THE GALLERIA AT FT LAUDERDALE,SPACE # 2204,"2414 E, SUNRISE BLVD",FORT LAUDERDALE,FL,33304,USA
458,SPACE 2080,THE MALL IN COLUMBIA,10300 LITTLE PATUXENT PKWY,COLUMBIA,MD,21044,USA
460,3393 PEACHTREE RD NE,SUITE 3042,,ATLANTA,GA,30326,USA
462,43550 CHRISTY STREET,SUITE #R1A,,FREMONT,CA,94538,USA
464,4400 ASHFORD DUNWOODY RD,SPACE 1585,,ATLANTA,GA,30346,USA
466,AUGUSTA,3450 WRIGHTSBORO ROAD,SUITE #2520,AUGUSTA,GA,30909,USA
468,VIRGINIA BEACH,701 LYNNHAVEN PARK,SUITE #1068,VIRGINIA BEACH,VA,23452,USA
470,CLACKAMAS TOWNE MALL,12000 SE 82ND AVE,SUITE #1070,HAPPY VALLEY,OR,97086,USA
472,FIRST COLONY,16535 SOUTHWEST FREEWAY,SUITE #3012,SUGAR LAND,TX,77479,USA
474,ALBUQUERQUE,6600 MENAUL BLVD. NE,SPACE M1,ALBUQUERQUE,NM,87110,USA
476,3301 VETERANS MEMORIAL BLVD,SUITE #74,,METAIRIE,LA,700028447,USA
478,110 ALBANY TURNPIKE,SUITE #607,,CANTON,CT,6019,USA
480,4500 N ORACLE ROAD,BOX 295,,TUCSON,AZ,85705,USA
482,8758 NW PRAIRIE VIEW ROAD,,,KANSAS CITY,MO,64153,USA
484,3401 DALE RD,SUITE #658,,MODESTO,CA,95356,USA
486,5725 JOHNSON ST,SPACE B130,,LAFAYETTE,LA,70503,USA
488,6000 MARKHAM STREET,SPACE #3130,,LITTLE ROCK,AR,72205,USA
490,3200 LAS VEGAS BLVD SOUTH,SUITE #1350,,LAS VEGAS,NV,89109,USA
492,2720 COUNCIL TREE AVE,SUITE #124,,FORT COLLINS,CO,80525,USA
494,40772 WINCHESTER RD #770,,,TEMECULA,CA,92591,USA
496,800 N GREEN RIVER RD,SPACE #136,,EVANSVILLE,IN,47715,USA
498,1 TOWNE CENTRE BLVD,UNIT #2800,,FREDERICKSBURG,VA,22407,USA
600,200 W 42ND ST,,,NEW YORK,NY,10036,USA
602,3000 E FIRST AVE,UNIT #236,,DENVER,CO,80206,USA
604,132 W. JEFFERSON AVE,,,NAPERVILLE,IL,60540,USA
610,400 BARRETT PKWY,SUITE #236,,KENNESAW,GA,30144,USA
612,1251 US HIGHWAY 31 N,,,GREENWOOD,IN,46142,USA
614,CALABASAS,4799 COMONS WAY,SPACE #H1,CALABASAS,CA,91302,USA
616,6689 NEWBERRY ROAD,,,GAINESVILLE,FL,32605,USA
618,#618,6191 S STATE STREET,UNIT # 212,MURRAY,UT,84107,USA
620,JACKSON,1000 HIGHLAND COLONY PARKWAY,SUITE #9010,RIDGELAND,MS,39157,USA
622,5330-E WESTERN AVE,,,CHEVY CHASE,MD,20815,USA
624,11900 MARKET STREET,,,RESTON,VA,20190,USA
626,364 MAINE MALL ROAD,SPACE # W115,,SOUTH PORTLAND,ME,4106,USA
628,3265 W MARKET STREET,,,FAIRLAWN,OH,44333,USA
632,3251 20TH AVE,SPACE #262,,SAN FRANCISCO,CA,94132,USA
634,6707 SPRINGFIELD MALL,SUITE #22055,,SPRINGFIELD,VA,22150,USA
636,6121 W PARK BLVD,SPACE C110,,PLANO,TX,75093,USA
638,1151 GALLERIA BLVD,SUITE #1140,,ROSEVILLE,CA,95678,USA
640,250 GRANITE STREET,SPACE # 1230,,BRAINTREE,MA,2184,USA
642,8401 GATEWAY BLVD WEST,SPACE E11B,,EL PASO,TX,79925,USA
644,CHRISTIANA,118 CHRISTIANA MALL,,NEWARK,DE,19702,USA
646,24201 WEST VALENCIA BLVD,SUITE #3628,,VALENCIA,CA,91355,USA
648,3700 RIVERTOWN PARKWAY,SUITE # 1058,,GRANDVILLE,MI,49418,USA
650,PLAZA LAS AMERICA,525 AVE F.D. ROOSEVELT,SPACE #32,SAN JUAN,PR,918,USA
652,CHAMPAIGN,2000 NORTH NEIL STREET,SUITE #600,CHAMPAIGN,IL,61820,USA
654,2250 KALAKAUA AVENUE,SUITE 153,,HONOLULU,HI,96815,USA
656,4502 S STEELE STREET,SPACE #1317,,TACOMA,WA,98409,USA
658,808 COLUMBUS AVENUE,,,NEW YORK,NY,10025,USA
660,PACIFIC VIEW,3301-1242 E MAIN STREET,,VENTURA,CA,93003,USA
662,STATE STREET,108 NORTH STATE STREET,STORE 134,CHICAGO,IL,60602,USA
664,DESTINY USA SPACE #B205,9090 DESTINY USA,,SYRACUSE,NY,13290,USA
668,5065 MAIN STREET SPACE #2090,,,TRUMBULL,CT,6611,USA
670,4301 WEST WISCONSIN AVENUE,SPACE #514,,APPLETON,WI,54913,USA
672,AMERICANA,230 AMERICANA WAY,,GLENDALE,CA,91210,USA
674,PALM DESERT,73505 EL PASEO,SUITE 1620,PALM DESERT,CA,92260,USA
676,21-27 NINTH AVENUE,,,NEW YORK,NY,10014,USA
678,7965 CITRUS PARK TOWN CENTER,,,TAMPA,FL,33625,USA
680,163 MARKET STREET,,,YONKERS,NY,10710,USA
682,DEDHAM,512 LEGACY PLACE,,DEDHAM,MA,2026,USA
684,4236 LEGENDARY DRIVE,,,DESTIN,FL,32541,USA
686,CHATTANOOGA,2100 HAMILTON PLACE BLVD,SUITE 256,CHATTANOOGA,TN,37421,USA
688,GENEVA COMMONS,405 COMMONS DRIVE,,GENEVA,IL,60134,USA
690,CRESTVIEW HILLS,2854 TOWN CENTER BLVD,,CRESTVIEW HILLS,KY,41017,USA
692,2000 N ROCK ROAD,SUITE # 118,,WICHITA,KS,67206,USA
694,SPACE #C120,1 MOHEGAN SUN BLVD,,UNCASVILLE,CT,6382,USA
696,650 NORTH AVENUE,SPACE #S104,,ATLANTA,GA,30308,USA
698,7407 N KENDALL DREET,,,MIAMI,FL,33156,USA
700,531 CHELSEA ROAD,,,PERRYMAN,MD,21130,USA
702,SEPHORA,12712 2ND ST,,GRANDVIEW,MO,64030,USA
708,2115 FESTIVAL PLAZA DRIVE,SUITE 130,,LAS VEGAS,NV,89135,USA
710,140 UNIVERSITY TOWN CENTER DR,SUITE #279,,SARASOTA,FL,34243,USA
712,11800 WEST BROAD STREET,SUITE #1416,,RICHMOND,VA,23233,USA
720,312 GRAND AVE WEST,,,SOUTHLAKE,TX,76092,USA
722,3811 SOUTH COOPER ST,SPACE # 1102,,ARLINGTON,TX,76015,USA
724,335 THE BRIDGE STREET,SUITE 117,,HUNTSVILLE,AL,35806,USA
726,1455 NW 107TH AVE,UNIT # 292B,,MIAMI,FL,33172,USA
728,2435 KA'ANAPALI PKWY,SPACE #D4,,"LAHAINA, MAUI",HI,96761,USA
730,SPACE 118,9301 TAMPA AVENUE,,NORTHRIDGE,CA,91324,USA
732,3500 LAS VEGAS BLVD,S SUITE N13,,LAS VEGAS,NV,89109,USA
734,413 SW MORRISON STREET,,,PORTLAND,OR,97204,USA
736,15169 N SCOTTSDALE RD.,SUITE #110,,SCOTTSDALE,AZ,85254,USA
738,6000 SEPULVEDA BLVD.,SUITE #1341,,CULVER CITY,CA,90230,USA
740,3896 CROSS CREEK ROAD,,,MALIBU,CA,90265,USA
742,50 SOUTH MAIN STREET,SPACE #123,,SALT LAKE CITY,UT,84101,USA
744,2001 SOUTH ROAD,SPACE A208,,POUGHKEEPSIE,NY,12601,USA
746,1645 BRIARGATE PARKWAY,SUITE 207,,COLORADO SPRINGS,CO,80920,USA
748,793 IYANNOUGH ROAD,SPACE S182A,,HYANNIS,MA,2601,USA
752,1019 CHARLESTON TOWN CENTER,,,CHARLESTON,WV,25389,USA
754,100 COLUMBIANA CIRCLE,SPACE# 1056,,COLUMBIA,SC,29212,USA
756,10 SOUTHDALE CENTER,SPACE #1557,,EDINA,MN,55435,USA
758,1500 APALACHEE PKWY,SPACE #1425,,TALLAHASSEE,FL,32301,USA
760,200 EVERGREEN WY.,SUITE #264,,SOUTH WINDSOR,CT,6074,USA
762,700 HAYWOOD RD.,SUITE# 1011,,GREENVILLE,SC,29607,USA
764,803B FRIENDLY CENTER RD,,,GREENSBORO,NC,27408,USA
766,1460 PARAMUS PARK MALL,,,PARAMUS,NJ,7652,USA
768,4174 THE STRAND,SPACE# 321,,COLUMBUS,OH,43219,USA
770,174 QUAKER BRIDGE,,,LAWRENCEVILLE,NJ,8648,USA
772,70 WORCESTER-PROVIDENCE,"TURNPIKE, SPACE #509",,MILLBURY,MA,1527,USA
774,411 HAWTHORN CENTER,,,VERNON HILLS,IL,60061,USA
776,2300 EAST LINCOLN HIGHWAY,SPACE #127,,LANGHORNE,PA,19047,USA
778,808 WEST MAIN AVENUE,SPACE #233,,SPOKANE,WA,99201,USA
780,5100 NORTH 9TH AVENUE,,,PENSACOLA,FL,32504,USA
782,938 WEST NORTH AVENUE,,,CHICAGO,IL,60642,USA
784,1490 EMPIRE PLACE,,,SIOUX FALLS,SD,57106,USA
786,1451 CORAL RIDGE AVENUE,SPACE #320,,CORALVILLE,IA,52241,USA
788,(5TH AVE MALL),320 W. 5TH AVENUE,SPACE #201,ANCHORAGE,AK,99501,USA
790,3333 BEAR STREET,SUITE #213,,COSTA MESA,CA,92626,USA
792,3320 SILAS CREEK PARKWAY,SUITE #760,,WINSTON-SALEM,NC,27103,USA
794,1071 SANTA ROSA PLAZA,SPACE #1019A,,SANTA ROSA,CA,95401,USA
796,4200 CONROY ROAD,SPACE #H-224,,ORLANDO,FL,32839,USA
798,210 JORALEMAN STREET,SPACE #B,,BROOKLYN,NY,11201,USA
800,"6075 WEST, 300 SOUTH",,,SALT LAKE CITY,UT,84104,USA
802,AVENTURA MALL,19525 BISCAYNE BLVD,,AVENTURA,FL,33180,USA
804,ARDEN FAIR MALL,1695 ARDEN WAY,,SACRAMENTO,CA,95815,USA
808,ALLIANCE TOWN CENTER,9390 NORTH FREEWAY,,FORT WORTH,TX,76177,USA
810,EDEN PRAIRIE CENTER,8201 FLYING CLOUD DR,,EDEN PRAIRIE,MN,55344,USA
812,SANTA ANA MAIL PLACE MALL,2890 MAIN STREET,,SANTA ANA,CA,92705,USA
814,"NATICK, MA",,1245 WORCHESTER ST,NATICK,MA,1760,USA
816,THE WHITING TURNER COMPANY,9480 VILLAGE PLACE BLVD,,BRIGHTON,MI,48116,USA
818,JCP STORE 818,5751 LONG PRAIRIE RD,,FLOWER MOUND,TX,75028,USA
820,"PAPILLON, NE",THE LAW COMPANY,7751 TOWNE CENTER PKWY,PAPILLON,NE,68046,USA
822,THE FOUNDRY,439 WASHINGTON RD,,WASHINGTON,PA,15301,USA
824,STONEBRIAR MALL,2607 PRESTON RD,,FRISCO,TX,75034,USA
826,31510 GRATIOT AVE,,,ROSEVILLE,MI,48066,USA
828,CENTREPOINT WOODRIDGE,7400 WOODWARD AVE,,WOODRIDGE,IL,60517,USA
830,FASHION VALLEY MALL,6987 FRIARS RD,,SAN DIEGO,CA,92108,USA
832,OAKS MALL,6481 NEWBERRY RD,,GAINSVILLE,FL,32605,USA
834,STONERIDGE MALL,1500 STONERIDGE MALL RD,,PLEASANTON,CA,94588,USA
836,WELLINGTON GREEN,10308 W FOREST HILL BLVD,,WELLINGTON,FL,33414,USA
838,POLARIS MALL,1450 POLARIS PKWY,,COLUMBUS,OH,43240,USA
840,DADELAND MALL,7201 N KENDALL DR,,MIAMI,FL,33156,USA
908,49 LONG WHARF MALL,,,NEWPORT,RI,2840,USA
912,289 KING STREET,,,CHARLESTON,SC,29401,USA
914,HUNTINGTON BEACH,21040 PACIFIC COAST HIGHWAY,SPACE F120,HUNTINGTON BEACH,CA,92648,USA
916,SUBURBAN SQUARE,42A ST. GEORGE'S ROAD,,ARDMORE,PA,19003,USA
918,STAMFORD TOWN CENTER,100 GREYROCK PLACE,SPACE XXX,STAMFORD,CT,6901,USA
920,1612 SOUTH UNIVERSITY DRIVE,SPACE #401D,,FORT WORTH,TX,76107,USA
922,4766 ADMIRALTY WAY,SPACE #C1-3,,MARINA DEL REY,CA,90202,USA
924,5056 W. 119TH STREET,SPACE #300,,LEAWOOD,KS,66209,USA
926,5870 EAST BROADWAY BLVD,SPACE #222,,TUCSON,AZ,85711,USA
928,270 N. BEVERLY DRIVE,,,LOS ANGELES,CA,90210,USA
930,WESTFIELD SF CENTRE,865 MARKET STREET,SPACE #238,SAN FRANCISCO,CA,94103,USA
932,1800 GALLERIA BLVD,SPACE #1252,,FRANKLIN,TN,37067,USA
934,230 DEL MONTE CENTER,,,MONTEREY,CA,93940,USA
936,2800 CLARENDON BLVD,SUITE #R550,,ARLINGTON,VA,22201,USA
938,140 PROMENADE WAY,SPACE #C3,,WESTLAKE VILLAGE,CA,91362,USA
940,185 GREENWICH STREET,SUITE #LL4305 (C2),,NEW YORK,NY,10007,USA
942,98 DERBY STREET,UNIT 411,,HINGHAM,MA,2043,USA
944,358 SAN LORENZO AVENUE,UNIT #2100,,CORAL GABLES,FL,33146,USA
946,189 THE GROVE DRIVE,SPACE #F20,,LOS ANGELES,CA,90036,USA
948,21540 HAWTHORN BLVD,UNIT #406,,TORRANCE,CA,90503,USA
954,LA CENTERRA AT CINCO RANCH,23501 CINCO RANCH BLVD,UNIT #B130,KATY,TX,77494,USA
956,COUNTRY CLUB PLAZA,424 NICHOLS ROAD,,KANSAS CITY,MO,64112,USA
958,377 SANTANA ROW,SUITE #1010,,SAN JOSE,CA,95128,USA
1000,8500 NAIL ROAD,,,OLIVE BRANCH,MS,38654,USA
1002,8500 NAIL ROAD,,,OLIVE BRANCH,MS,38654,USA
1100,7 NORTH STREET,,,BOSTON,MA,2109,USA
1102,1000 F STREET NW,,,WASHINGTON,DC,20004,USA
1104,3167 PEACHTREE ROAD NE,SPACE C,,ATLANTA,GA,30305,USA
1106,7600 WINDROSE AVE,SUITE G130,,PLANO,TX,75024,USA
1108,414 NORTH PETERS STREET,,,NEW ORLEANS,LA,70130,USA
1110,88 NEWBURY STREET,,,BOSTON,MA,2116,USA
1112,8888 SW 136TH ST,SPACE #465C,,MIAMI,FL,33176,USA
1114,VALLEY RANCH,2235 VILLAGE WALK DR.,SUITE 163,HENDERSON,NV,89052,USA
1116,500 16TH STREET,UNIT 156,,DENVER,CO,80202,USA
1118,7831  VIA DEL RIO,,,FRESNO,CA,93720,USA
1120,11878 GRAND PARK AVE,,,NORTH BETHESDA,MD,20852,USA
1122,413 86TH STREET,,,BROOKLYN,NY,11209,USA
1126,212-01 26TH AVENUE,,,BAYSIDE,NY,11360,USA
1128,347 CORTE MADERA TOWN CENTER,,,CORTE MADERA,CA,94925,USA
1130,818 LINCOLN RD,,,MIAMI BEACH,FL,33139,USA
1132,(THE SHOPS AT EASTERN MARKET),380 7TH ST SE,,"WASHINGTON,",DC,20003,USA
1134,2075 DIAMOND BOULEVARD,STORE #H-125,,CONCORD,CA,94520,USA
1136,319 WASHINGTON ST,,,HOBOKEN,NJ,7030,USA
1138,1000 UNIVERSAL STUDIOS BLVD.,SPACE #144 & 146,,UNIVERSAL CITY,CA,91608,USA
1140,1460 BETHLEHEM PIKE,SUITE 250,,NORTH WALES,PA,19454,USA
1142,6025 ROYAL LANE,,,DALLAS,TX,75230,USA
1144,12036 VENTURA BLVD,Space F305,Studio City,LOS ANGELES,CA,91604,USA
1146,390 Hackensack Ave.,,SPACE #150,HACKENSACK,NJ,7601,USA
1148,CALHOUN SQUARE,3001 HENNEPIN AVE,,SOUTH MINNEAPOLIS,MN,55408,USA
1150,(THE SHOPPES AT CHINO HILLS),13850 CITY CENTER DRIVE,STE 5040,CHINO HILLS,CA,91709,USA
1152,6853 S. YORK STREET,SPACE 124,,CENTENNIAL,CO,80122,USA
1154,241 BEDFORD AVE,,,BROOKLYN,NY,11211,USA
1156,WINTER PARK SQUARE,1060 N ORLANDO AVE,,WINTER PARK,FL,32789,USA
1158,2999 EL CAMINO REAL,,,TUSTIN,CA,92782,USA
1160,(THE MILLS AT JERSEY GARDENS),651 KAPKOWSKI ROAD,SPACE 1230,ELIZABETH,NJ,7201,USA
1162,701 NORTH ALAFAYA TRAIL,,,ORLANDO,FL,32828,USA
1164,227 ELLINGTON BLVD,SPACE A210,,GAITHERSBURG,MD,20878,USA
1166,15265 PALISADE VILLAGE LANE,SPACE 2-108,,PACIFIC PALISADES,CA,90272,USA
1168,3407 CALIFORNIA STREET,,,SAN FRANCISCO,CA,94118,USA
1172,153-D Serramonte Center,,,DALY CITY,CA,94015,USA
1180,4622 MERCEDES DRIVE,,,BELCAMP,MD,21017,USA
1182,9020 HUDSON RD,SPACE C-104,SAINT PAUL,WOODBURY,MN,55125,USA
1184,4455 LYONS ROAD,SUITE 103,,COCONUT CREEK,FL,33073,USA
1186,255 E. BASSE ROAD,SUITE 146,,SAN ANTONIO,TX,78209,USA
1188,289 MAIN STREET,SUITE L-3,,EXTON,PA,19341,USA
1190,280 PALLADIO PARKWAY,SPACE #901,,FOLSOM,CA,95630,USA
1192,9930 MISSION GORGE RD,SPACE #9,,SANTEE,CA,92071,USA
1198,7397 BRIDGEPORT ROAD,SPACE #C-104,,TIGARD,OR,97224,USA
1200,1745 FOURTH STREET,,,BERKELEY,CA,94710,USA
1202,845 MARKET STREET,SPACE 241,,SAN FRANCISCO,CA,94103,USA
1204,4044 NE 1ST AVENUE,SPACE NO. MG121,,MIAMI,FL,33137,USA
1210,144 NORTH EAST PROMONTORY,SUITE #J-165,,FARMINGTON,UT,84025,USA
1218,175 NORTH PALM CANYON DRIVE,SUITE 125,,PALM SPRINGS,CA,92262,USA
1226,500 W. 33RD ST,SPACE #312,,NEW YORK,NY,10001,USA
1228,3699 MCKINNEY AVENUE,SUITE 510,,DALLAS,TX,75204,USA
1236,27514 LUGONIA AVENUE,SUITE #C,,REDLANDS,CA,92374,USA
1238,66 SEAPORT BLVD,,,BOSTON,MA,2210,USA
1240,6000 BOLLINGER CANYON ROAD,SUITE 1605,,SAN RAMON,CA,94583,USA
2500,THE MAJESTIC,A.G. BARTLETT BUILDING,650 S SPRING ST,LOS ANGELES,CA,90014,USA
